<?xml version='1.0' encoding='utf-8'?>
<!DOCTYPE hibernate-configuration PUBLIC
        "-//Hibernate/Hibernate Configuration DTD 3.0//EN"
        "http://www.hibernate.org/dtd/hibernate-configuration-3.0.dtd">

<hibernate-configuration>
    <session-factory>

        <!-- Database connection settings -->
        <property name="connection.driver_class">com.mysql.jdbc.Driver</property>
        <property name="connection.url">jdbc:mysql://localhost:3306/hello-world</property>
        <property name="connection.username">root</property>
        <property name="connection.password">password</property>

        <!-- SQL dialect -->
        <property name="dialect">org.hibernate.dialect.MySQLDialect</property>
        
        <!-- Make SQL output pretty -->
        <property name="hibernate.format_sql">true</property>
        
        <!-- DROP and then CREATE schema when SessionFactory is built -->
        <!-- <property name="hbm2ddl.auto">create</property> -->
        
        <!-- DROP and then CREATE schema when SessionFactory is built, and then DROP it again when SessionFactory is closed-->
        <!-- <property name="hbm2ddl.auto">create-drop</property> -->        

        <!-- Create/update tables automatically using mapping metadata -->
        <property name="hbm2ddl.auto">update</property>
         
        <!-- Use Annotation-based mapping metadata -->
        <mapping class="entity.Person"/>            
        
    </session-factory>
</hibernate-configuration>